2026-06-25 14:23,"M4 ""Lizard""",19.65
2026-06-25 14:23,"G22 ""Flock""",1.59
2026-06-25 14:23,"M4 ""Flock""",2.73
2026-06-25 14:23,"Desert Eagle ""Violet Flame""",0.43
2026-06-25 14:23,"VAL ""Joker""",0.42
2026-06-25 14:23,"M4A1 ""Stainless""",0.51
2026-06-25 14:23,"USP ""Ghosts""",2.81
2026-06-25 14:23,"M40 ""Disguise""",2.59
2026-06-25 14:25,"M4 ""Lizard""",19.65
2026-06-25 14:25,"G22 ""Flock""",1.59
2026-06-25 14:25,"M4 ""Flock""",2.73
2026-06-25 14:25,"Desert Eagle ""Violet Flame""",0.43
2026-06-25 14:25,"VAL ""Joker""",0.42
2026-06-25 14:25,"M4A1 ""Stainless""",0.51
2026-06-25 14:25,"USP ""Ghosts""",2.81
2026-06-25 14:25,"M40 ""Disguise""",2.59
2026-06-26 04:42,"M4 ""Lizard""",19.02
2026-06-26 04:42,"G22 ""Flock""",1.51
2026-06-26 04:42,"M4 ""Flock""",2.67
2026-06-26 04:42,"Desert Eagle ""Violet Flame""",0.5
2026-06-26 04:42,"VAL ""Joker""",0.43
2026-06-26 04:42,"M4A1 ""Stainless""",0.48
2026-06-26 04:42,"USP ""Ghosts""",2.77
2026-06-26 04:42,"M40 ""Disguise""",2.62
